Date,Close,High,Low,Open,Volume,avg_sentiment,tweet_count,next_day_change,5_day_ma,10_day_volatility,daily_return,sentiment_lag1,sentiment_ma3
2021-09-30,258.49334716796875,263.0433349609375,258.3333435058594,260.3333435058594,53868000.0,0.1300811548019881,90.0,-0.0003352887910834,,,,,
2021-10-01,258.4066772460937,260.260009765625,254.52999877929688,259.4666748046875,51094200.0,0.1134929141977014,94.0,0.0081396213981275,,,-0.00033528879108346565,0.1300811548019881,
2021-10-04,260.510009765625,268.989990234375,258.7066650390625,265.5,91449900.0,0.0909010851815473,119.0,-0.001202850103416,,,0.008139621398127517,0.1134929141977014,0.11149171806041226
2021-10-05,260.1966552734375,265.7699890136719,258.0666809082031,261.6000061035156,55297800.0,0.101175755116096,88.0,0.0027671424905384,,,-0.001202850103416031,0.0909010851815473,0.10185658483178156
2021-10-06,260.9166564941406,262.2200012207031,257.739990234375,258.7333374023437,43898400.0,0.1586820432653766,78.0,0.0138742603994963,259.7046691894531,,0.0027671424905384434,0.101175755116096,0.11691962785433996
2021-10-07,264.53668212890625,268.3333435058594,261.1266784667969,261.82000732421875,57587400.0,0.131775273590967,137.0,-0.0102318345223733,260.9133361816406,,0.013874260399496352,0.1586820432653766,0.13054435732414651
2021-10-08,261.8299865722656,265.4599914550781,260.3033447265625,265.4033203125,50215800.0,0.1236335845224734,90.0,0.0082115285655759,261.597998046875,,-0.010231834522373306,0.131775273590967,0.13803030045960565
2021-10-11,263.9800109863281,267.0799865722656,261.8333435058594,262.54998779296875,42600900.0,0.1137790707621534,95.0,0.0174002673033608,262.2919982910156,,0.008211528565575943,0.1236335845224734,0.12306264295853127
2021-10-12,268.5733337402344,270.7733459472656,265.5233459472656,266.9766540527344,66060000.0,0.1143226158902895,115.0,0.00665237902232,263.967333984375,,0.01740026730336086,0.1137790707621534,0.11724509039163877
2021-10-13,270.3599853515625,271.8033447265625,268.59332275390625,270.1566772460937,42360300.0,0.1017915609294919,87.0,0.0089264710995042,265.8559997558594,4.072227014144625,0.006652379022320076,0.1143226158902895,0.10996441586064493
2021-10-14,272.7733459472656,273.4166564941406,271.1166687011719,271.8299865722656,36741600.0,0.0961773576890399,107.0,0.0301959995019152,267.5033325195312,4.834338715665192,0.008926471099504285,0.1017915609294919,0.1040971781696071
2021-10-15,281.010009765625,281.07000732421875,274.1166687011719,274.5799865722656,56773800.0,0.0915585448719251,142.0,0.0321222449364344,271.33933715820314,6.73204183039249,0.030195999501915205,0.0961773576890399,0.09650915449681896
2021-10-18,290.03668212890625,291.7533264160156,283.8233337402344,283.92999267578125,72621600.0,0.1220001129376129,148.0,-0.0067118606402704,276.55067138671876,9.66463629406009,0.03212224493643445,0.0915585448719251,0.10324533849952595
2021-10-19,288.0899963378906,292.6499938964844,287.5033264160156,292.510009765625,52143300.0,0.096339921858895,112.0,0.0017703140411262,280.45400390625,10.678468022534604,-0.006711860640270406,0.1220001129376129,0.10329952655614434
2021-10-20,288.6000061035156,289.8299865722656,285.7933349609375,288.45001220703125,42096300.0,0.1119272967772967,174.0,0.0325710107334951,284.1020080566406,11.00851177979613,0.0017703140411262641,0.096339921858895,0.11008911052460153
2021-10-21,298.0,300.0,285.1666564941406,285.3333435058594,94444500.0,0.0954295334295334,180.0,0.0175391075595112,289.1473388671875,12.470546620853247,0.03257101073349511,0.1119272967772967,0.10123225068857504
2021-10-22,303.2266540527344,303.3333435058594,296.9866638183594,298.5,68642400.0,0.1071842199716451,167.0,0.1266159836258198,293.5906677246094,13.233969349809147,0.01753910755951127,0.0954295334295334,0.10484701672615841
2021-10-25,341.6199951171875,348.3399963378906,314.7333374023437,316.84332275390625,188556300.0,0.0982319841225221,462.0,-0.0062740503925067,303.90733032226564,21.424448751001446,0.12661598362581983,0.1071842199716451,0.1002819125079002
2021-10-26,339.4766540527344,364.9800109863281,333.8133239746094,341.5633239746094,187245000.0,0.1302347075193713,238.0,0.0190784388057105,314.1846618652344,24.9102798565743,-0.006274050392506725,0.0982319841225221,0.11188363720451283
2021-10-27,345.9533386230469,356.9599914550781,343.59332275390625,346.5533447265625,115579500.0,0.1127180117695654,177.0,0.0377507487297992,325.65532836914065,27.18603189446211,0.019078438805710585,0.1302347075193713,0.11372823447048626
2021-10-28,359.0133361816406,360.3333435058594,351.3999938964844,356.10333251953125,81639600.0,0.096926155294441,125.0,0.0343162943617936,337.8579956054688,29.453918694660498,0.03775074872979922,0.1127180117695654,0.11329295819445924
2021-10-29,371.3333435058594,371.7366638183594,357.7366638183594,360.6199951171875,89755200.0,0.086680030290669,189.0,0.0849102277797451,351.4793334960938,32.11192890973164,0.03431629436179362,0.096926155294441,0.09877473245155848
2021-11-01,402.86334228515625,403.25,372.88665771484375,381.6666564941406,168146100.0,0.1088129128949463,261.0,-0.0302749952920325,363.7280029296875,38.59202573450493,0.0849102277797451,0.086680030290669,0.09747303282668542
2021-11-02,390.6666564941406,402.86334228515625,382.0,386.4533386230469,128213400.0,0.0813566559908023,205.0,0.0357167380197345,373.96600341796875,38.71934737570961,-0.03027499529203259,0.1088129128949463,0.09228319972547254
2021-11-03,404.6199951171875,405.1300048828125,384.2066650390625,392.4433288574219,103885500.0,0.1037429265179265,130.0,0.0132222978796836,385.6993347167969,37.61614792953497,0.03571673801973452,0.0813566559908023,0.09797083180122503
2021-11-04,409.9700012207031,414.4966735839844,405.6666564941406,411.4700012207031,76192200.0,0.1117138579789586,149.0,-0.006358169933862,395.8906677246094,35.122108508888935,0.013222297879683653,0.1037429265179265,0.09893781349589581
2021-11-05,407.36334228515625,413.2900085449219,402.6666564941406,409.3333435058594,64886400.0,0.1248124283903778,89.0,-0.0484007095338629,403.09666748046874,29.070700574339135,-0.006358169933862068,0.1117138579789586,0.11342307096242095
2021-11-08,387.6466674804688,399.0,377.6666564941406,383.2633361816406,100337100.0,0.0830050172561693,217.0,-0.1199030325435985,400.05333251953124,26.308428317355535,-0.048400709533862996,0.1248124283903778,0.10651043454183523
2021-11-09,341.1666564941406,391.5,337.17333984375,391.2000122070313,177317400.0,0.07781591172325,201.0,0.0434294519296247,390.15333251953126,26.00942463561379,-0.11990303254359858,0.0830050172561693,0.0952111191232657
2021-11-10,355.9833374023437,359.3666687011719,329.10333251953125,336.8033447265625,128408100.0,0.0826464551028043,189.0,-0.0041575288246014,380.4260009765625,24.61855541911855,0.043429451929624774,0.07781591172325,0.08115579469407454
2021-11-11,354.5033264160156,368.3233337402344,351.5599975585937,367.5899963378906,67189800.0,0.1177499482367031,151.0,-0.0282931020159921,369.332666015625,25.143788826417932,-0.004157528824601409,0.0826464551028043,0.09273743835425247
2021-11-12,344.47332763671875,351.5,339.7333374023437,349.1666564941406,76719300.0,0.1084105707313071,129.0,-0.0193822444993675,356.7546630859375,27.779043550552558,-0.02829310201599211,0.1177499482367031,0.10293565802360483
2021-11-15,337.7966613769531,343.99334716796875,326.20001220703125,339.2099914550781,104326800.0,0.0718251579178731,151.0,0.0407937684260282,346.7846618652344,29.383339937033426,-0.01938224449936754,0.1084105707313071,0.09932855896196109
2021-11-16,351.57666015625,352.3999938964844,334.0599975585937,334.4366760253906,79627200.0,0.1018043740282112,129.0,0.0325012082846662,348.8666625976563,29.433973468196104,0.04079376842602822,0.0718251579178731,0.09401336755913046
2021-11-17,363.0033264160156,373.21331787109375,351.8333435058594,354.5033264160156,94336200.0,0.1071357716084854,113.0,0.0067676102677005,350.2706604003906,26.73669820168764,0.032501208284666294,0.1018043740282112,0.09358843451818989
2021-11-18,365.4599914550781,370.6666564941406,358.3399963378906,368.8500061035156,62696700.0,0.0590167947768859,128.0,0.0371039180092043,352.4619934082031,21.716517437859668,0.006767610267700563,0.1071357716084854,0.08931898013786084
2021-11-19,379.0199890136719,379.5733337402344,364.23333740234375,366.2900085449219,64926900.0,0.0960902956197671,123.0,0.0174221220804611,359.37132568359374,16.102001445311917,0.03710391800920432,0.0590167947768859,0.08741428733504614
2021-11-22,385.6233215332031,400.6499938964844,377.4766540527344,387.4433288574219,99217500.0,0.1302503006945691,124.0,-0.0413529327272921,368.93665771484376,15.696562188074042,0.017422122080461122,0.0960902956197671,0.0951191303637407
2021-11-23,369.6766662597656,393.5,354.2333374023437,389.1700134277344,108515100.0,0.1210418584942394,126.0,0.0062847724844008,372.55665893554686,14.896251496721616,-0.041352932727292124,0.1302503006945691,0.11579415160285854
2021-11-24,372.0,377.5899963378906,354.0,360.1300048828125,67680600.0,0.0747858995690628,98.0,-0.030537595031082,374.3559936523437,15.189546809920179,0.006284772484400847,0.1210418584942394,0.10869268625262375
2021-11-26,360.6400146484375,369.5933227539063,360.3333435058594,366.489990234375,35042700.0,0.0213086737655703,87.0,0.0509002279002275,373.3919982910156,14.961205243900537,-0.030537595031082,0.0747858995690628,0.07237881060962416
2021-11-29,378.9966735839844,380.8900146484375,366.7300109863281,366.9966735839844,58393500.0,0.0944879452353679,97.0,0.0068338234037736,373.3873352050781,14.193306292391695,0.050900227900227524,0.0213086737655703,0.06352750619000032
2021-11-30,381.586669921875,389.3333435058594,372.6666564941406,381.4566650390625,81276000.0,0.1024907638792478,98.0,-0.0434676345619486,372.5800048828125,10.726846951664852,0.006833823403773698,0.0944879452353679,0.07276246096006199
2021-12-01,365.0,390.9466552734375,363.586669921875,386.8999938964844,68450400.0,0.1013891555304598,115.0,-0.0094977391909246,371.64467163085936,8.71008659217667,-0.04346763456194869,0.1024907638792478,0.09945595488169183
2021-12-02,361.5333251953125,371.0,352.2166748046875,366.3533325195313,73114800.0,0.0845523145038231,116.0,-0.0641987607713322,369.55133666992185,8.891203441221837,-0.00949773919092467,0.1013891555304598,0.0961440779711769
2021-12-03,338.3233337402344,363.5266723632813,333.4033203125,361.5966796875,92322000.0,0.0869511661178327,117.0,-0.005872086315763,365.08800048828124,13.851085243419499,-0.06419876077133224,0.0845523145038231,0.09096421205070519
2021-12-06,336.336669921875,340.5466613769531,316.8333435058594,333.836669921875,81663000.0,0.1107604040005696,161.0,0.042358371411876,356.5559997558594,16.771229935464188,-0.005872086315763081,0.0869511661178327,0.0940879615407418
2021-12-07,350.5833435058594,352.5566711425781,342.2699890136719,348.0666809082031,56084700.0,0.1096738113675459,116.0,0.0163631955842291,350.35533447265624,15.596368621511866,0.04235837141187604,0.1107604040005696,0.1024617938286494
2021-12-08,356.32000732421875,357.4599914550781,344.3333435058594,350.9033203125,41906400.0,0.1234696580652463,102.0,-0.0609564458190524,348.6193359375,15.385748082894658,0.016363195584229162,0.1096738113675459,0.11463462447778726
2021-12-09,334.6000061035156,354.163330078125,334.1199951171875,353.5466613769531,59438400.0,0.0824464381240082,107.0,0.0131799270223116,343.2326721191406,16.672161806348782,-0.06095644581905246,0.1234696580652463,0.1051966358522668
2021-12-10,339.010009765625,340.32666015625,327.510009765625,336.25,59664300.0,0.1016320749204923,109.0,-0.0497724302077295,343.37000732421876,17.444996890903393,0.013179927022311633,0.0824464381240082,0.10251605703658224
2021-12-13,322.1366577148437,335.0,317.1400146484375,333.6966552734375,78595500.0,0.1056544407822816,132.0,-0.0081745781976763,340.5300048828125,17.73924190742873,-0.04977243020772959,0.1016320749204923,0.09657765127559403
2021-12-14,319.5033264160156,322.1366577148437,310.0,315.0,70806300.0,0.0695330147609283,133.0,0.0182366181335567,334.3140014648437,15.628005435075085,-0.008174578197676308,0.1056544407822816,0.09227317682123405
2021-12-15,325.3299865722656,326.25,309.4166564941406,317.7366638183594,75169200.0,0.1036521477277779,102.0,-0.0502771327902586,328.1159973144531,14.205561906372786,0.018236618133556703,0.0695330147609283,0.09294653442366259
2021-12-16,308.97332763671875,331.6600036621094,307.2833251953125,331.5,82771500.0,0.0832479188290591,114.0,0.0060954494461815,322.99066162109375,14.404112047955573,-0.050277132790258694,0.1036521477277779,0.08547769377258842
2021-12-17,310.8566589355469,320.2200012207031,303.0133361816406,304.92333984375,100437300.0,0.1012629561523366,113.0,-0.0349892712173617,317.3599914550781,15.846443972389086,0.006095449446181567,0.0832479188290591,0.09605434090305785
2021-12-20,299.9800109863281,307.2300109863281,297.7966613769531,303.5666809082031,56480100.0,0.0607213993341444,102.0,0.0428805630257957,312.928662109375,18.304201356092715,-0.03498927121736173,0.1012629561523366,0.08174409143851337
2021-12-21,312.84332275390625,313.1666564941406,295.3733215332031,305.6233215332031,71517900.0,0.1145917084005319,102.0,0.0749470552371662,311.59666137695314,16.655898753927794,0.04288056302579579,0.0607213993341444,0.09219202129567096
2021-12-22,336.2900085449219,338.5533447265625,319.01666259765625,321.8866577148437,93634200.0,0.081919505145553,167.0,0.0576188630553096,313.7886657714844,13.00112217578984,0.07494705523716627,0.1145917084005319,0.08574420429340977
2021-12-23,355.6666564941406,357.6600036621094,332.5199890136719,335.6000061035156,92713200.0,0.1085656210372119,154.0,0.0252483914990668,323.12733154296876,16.65235238806017,0.05761886305530961,0.081919505145553,0.10169227819443226
2021-12-27,364.6466674804688,372.3333435058594,356.9066772460937,357.8900146484375,71145900.0,0.121770793422733,116.0,-0.0050002753427935,333.8853332519531,20.83022186845076,0.02524839149906688,0.1085656210372119,0.10408530653516596
2021-12-28,362.8233337402344,373.0,359.47332763671875,369.8299865722656,60324000.0,0.1303556311413454,105.0,-0.002094710276184,346.45399780273436,23.83107320398269,-0.00500027534279357,0.121770793422733,0.12023068186709675
2021-12-29,362.0633239746094,368.0,354.7133178710937,366.21331787109375,56154000.0,0.0798074618505347,167.0,-0.0145922683836461,356.297998046875,25.547984682138324,-0.0020947102761840197,0.1303556311413454,0.11064462880487103
2021-12-30,356.7799987792969,365.1833190917969,351.04998779296875,353.77667236328125,47040900.0,0.0682919467614589,123.0,-0.0126688408238599,360.39599609375,26.294185117712704,-0.014592268383646134,0.0798074618505347,0.09281834658444632
2021-12-31,352.260009765625,360.6666564941406,351.5299987792969,357.8133239746094,40733700.0,0.0878765841363497,128.0,0.1353166841897706,359.71466674804685,24.663206939565587,-0.012668840823859995,0.0682919467614589,0.07865866424944774
2022-01-03,399.9266662597656,400.3566589355469,378.6799926757813,382.5833435058594,103931400.0,0.0939210083730791,307.0,-0.041832696836128,366.7706665039062,28.224991999674085,0.1353166841897706,0.0878765841363497,0.08336317975696254
2022-01-04,383.1966552734375,402.6666564941406,374.3500061035156,396.51666259765625,100248300.0,0.0935841592553327,140.0,-0.0534712136768363,370.8453308105469,23.623855866179174,-0.041832696836128,0.0939210083730791,0.09179391725492048
2022-01-05,362.7066650390625,390.11334228515625,360.336669921875,382.2166748046875,80119800.0,0.1154994713679778,154.0,-0.0215233738308541,370.9739990234375,17.29605649333755,-0.05347121367683638,0.0935841592553327,0.10100154633212984
2022-01-06,354.8999938964844,362.6666564941406,340.1666564941406,359.0,90336600.0,0.0986087497893053,117.0,-0.0354465674517168,370.597998046875,14.85583905034902,-0.02152337383085412,0.1154994713679778,0.10256412680420524
2022-01-07,342.32000732421875,360.30999755859375,336.6666564941406,360.1233215332031,84164700.0,0.1043997512603994,135.0,0.0303419534138018,368.60999755859376,16.36047927323437,-0.035446567451716815,0.0986087497893053,0.10616932413922747
2022-01-10,352.7066650390625,353.0333251953125,326.6666564941406,333.3333435058594,91815000.0,0.0947905899699947,150.0,0.0059350246575986,359.16599731445314,16.752210139238574,0.03034195341380186,0.1043997512603994,0.09926636367323312
2022-01-11,354.79998779296875,358.6166687011719,346.2733459472656,351.22332763671875,66063300.0,0.0781109021918327,109.0,0.0392897489318417,353.4866638183594,16.950884323230127,0.005935024657598653,0.0947905899699947,0.09243374780740891
2022-01-12,368.739990234375,371.61334228515625,357.5299987792969,359.6166687011719,83739000.0,0.0976065481507658,147.0,-0.0674910733143576,354.6933288574219,17.077409925648688,0.039289748931841784,0.0781109021918327,0.09016934677086437
2022-01-13,343.85333251953125,371.8666687011719,342.17999267578125,369.6900024414063,97209900.0,0.0558193436134141,156.0,0.017497758575059,352.48399658203124,18.04819971576942,-0.06749107331435766,0.0976065481507658,0.07717893131867086
2022-01-14,349.8699951171875,350.6666564941406,337.7933349609375,339.9599914550781,72924300.0,0.0973335613448453,163.0,-0.0181972412325309,353.993994140625,18.199944939562002,0.017497758575059086,0.0558193436134141,0.08358648436967504
2022-01-18,343.5033264160156,356.92999267578125,338.6866760253906,342.2033386230469,66743400.0,0.0839857674525784,99.0,-0.0338278969185718,352.1533264160156,12.85694841808904,-0.01819724123253097,0.0973335613448453,0.07904622413694591
2022-01-19,331.8833312988281,351.5566711425781,331.6666564941406,347.2366638183594,75442500.0,0.0620170648017182,101.0,0.0006227038828787,347.5699951171875,10.705306426336783,-0.0338278969185718,0.0839857674525784,0.08111213119971394
2022-01-20,332.0899963378906,347.2200012207031,331.3333435058594,336.57666015625,70488600.0,0.1107174885299885,104.0,-0.052566067125072,340.2399963378906,11.201956685338455,0.0006227038828787723,0.0620170648017182,0.08557344026142834
2022-01-21,314.6333312988281,334.8500061035156,313.5,332.11334228515625,103416000.0,0.0837211906425743,159.0,-0.0147261298721956,334.39599609375,14.869757976536407,-0.05256606712507206,0.1107174885299885,0.08548524799142698
2022-01-24,310.0,311.1700134277344,283.8233337402344,301.586669921875,151565700.0,0.0614179058294911,164.0,-0.0124731248424899,326.4219970703125,18.26504862928268,-0.014726129872195681,0.0837211906425743,0.08528552833401794
2022-01-25,306.1333312988281,317.086669921875,301.07000732421875,304.7333374023437,86595900.0,0.0907316779410728,157.0,0.0206990525827113,318.947998046875,20.522254807085837,-0.012473124842489969,0.0614179058294911,0.07862359147104606
2022-01-26,312.4700012207031,329.2300109863281,302.0,317.4766540527344,104867400.0,0.1022630529392926,314.0,-0.1155417556197044,315.06533203125,20.476176083713252,0.02069905258271132,0.0907316779410728,0.08480421223661883
2022-01-27,276.3666687011719,311.7966613769531,276.3333435058594,311.1199951171875,147109500.0,0.101125152484468,263.0,0.0208056927668702,303.92066650390626,22.458263351459554,-0.11554175561970448,0.1022630529392926,0.09803996112161112
2022-01-28,282.1166687011719,285.8333435058594,264.0033264160156,277.1866760253906,134789100.0,0.1100829008830345,187.0,0.1067761138393095,297.417333984375,24.224073265302017,0.020805692766870276,0.101125152484468,0.10449036876893168
2022-01-31,312.239990234375,312.663330078125,287.3500061035156,290.9033203125,104436000.0,0.1148416476794339,131.0,-0.0058395266373975,297.86533203125,21.080761417421137,0.10677611383930952,0.1100829008830345,0.1086832336823121
2022-02-01,310.4166564941406,314.5666809082031,301.6666564941406,311.7366638183594,73138200.0,0.1139357278929647,114.0,-0.0274791915989145,298.7219970703125,17.980445889039306,-0.0058395266373975074,0.1148416476794339,0.11295342548514435
2022-02-02,301.8866577148437,310.5,296.4700012207031,309.3933410644531,66792900.0,0.0804504337772566,96.0,-0.0160324950248789,296.60532836914064,16.113285081608336,-0.027479191598914543,0.1139357278929647,0.10307593644988504
2022-02-03,297.0466613769531,312.3333435058594,293.50665283203125,294.0,78855600.0,0.1069798584054834,100.0,0.0361111096842132,300.7413269042969,13.341128047653427,-0.016032495024878912,0.0804504337772566,0.10045534002523487
2022-02-04,307.7733459472656,312.1666564941406,293.72332763671875,299.0733337402344,73625400.0,0.1206315209710271,81.0,-0.0173071864213375,305.87266235351564,12.803806149199715,0.03611110968421327,0.1069798584054834,0.10268727105125568
2022-02-07,302.4466552734375,315.92333984375,300.9033203125,307.92999267578125,60994500.0,0.0377830673342721,83.0,0.0161571905234128,303.91399536132815,12.474722726898518,-0.01730718642133755,0.1206315209710271,0.08846481557026085
2022-02-08,307.3333435058594,308.7633361816406,298.26666259765625,301.84332275390625,50729100.0,0.1446428380121562,110.0,0.010845920427172,303.2973327636719,12.536388460307723,0.0161571905234128,0.0377830673342721,0.10101914210581843
2022-02-09,310.6666564941406,315.42333984375,306.6666564941406,311.6666564941406,52259400.0,0.1037537319002836,87.0,-0.0294527710174682,305.05333251953124,12.365014685511827,0.010845920427172029,0.1446428380121562,0.0953932124155706
2022-02-10,301.51666259765625,314.60333251953125,298.8999938964844,302.7900085449219,66126900.0,0.0968093222137339,68.0,-0.0492510296962641,305.94733276367185,8.912168212216097,-0.029452771017468238,0.1037537319002836,0.11506863070872453
2022-02-11,286.6666564941406,305.32000732421875,283.5666809082031,303.2099914550781,79645800.0,0.0841239566176434,99.0,0.018325664372135,301.7259948730469,7.748129753939307,-0.04925102969626416,0.0968093222137339,0.09489567024388694
2022-02-14,291.9200134277344,299.6266784667969,284.3833312988281,287.19000244140625,67756500.0,0.1281328489168401,114.0,0.0532907642827684,299.62066650390625,7.950435677009805,0.01832566437213501,0.0841239566176434,0.10302204258273912
2022-02-15,307.4766540527344,307.6666564941406,297.7933349609375,300.0,57286200.0,0.171395302456382,88.0,0.0010407532409399,299.6493286132812,7.6434868677235945,0.053290764282768466,0.1281328489168401,0.12788403599695516
2022-02-16,307.7966613769531,308.8099975585937,300.4033203125,304.6833190917969,51294300.0,0.0992831649831649,75.0,-0.0509426990066609,299.07532958984376,7.903071701771388,0.0010407532409399955,0.171395302456382,0.13293710545212897
2022-02-17,292.1166687011719,306.1666564941406,291.3666687011719,304.4200134277344,55178400.0,0.1051406204316743,102.0,-0.0221030352967207,297.19533081054686,8.389645572148433,-0.05094269900666093,0.0992831649831649,0.12527302929040704
2022-02-18,285.6600036621094,295.6233215332031,279.2033386230469,295.3333435058594,68501700.0,0.1071856336473983,85.0,-0.0413662422345285,296.99400024414064,9.423851346409492,-0.022103035296720752,0.1051406204316743,0.10386980635407915
2022-02-22,273.84332275390625,285.57666015625,267.0333251953125,278.0433349609375,83288100.0,0.1241862686037443,103.0,-0.0699791759952694,293.378662109375,12.288381784389742,-0.04136624223452856,0.1071856336473983,0.11217084089427228
2022-02-23,254.67999267578125,278.4333190917969,253.5200042724609,276.8099975585937,95256900.0,0.0669065040255903,154.0,0.0480734550026278,282.8193298339844,17.36317219118954,-0.06997917599526948,0.1241862686037443,0.09942613542557761
2022-02-24,266.92333984375,267.49334716796875,233.3333282470703,233.4633331298828,135322200.0,0.0258591610171798,106.0,0.0113640313248295,274.64466552734376,17.433616387731092,0.04807345500262783,0.0669065040255903,0.07231731121550479
2022-02-25,269.9566650390625,273.1666564941406,260.79998779296875,269.74334716796875,76067700.0,0.0893731518936436,61.0,0.0747774685335871,270.21266479492186,17.341921906818794,0.011364031324829549,0.0258591610171798,0.06071293897880455
2022-02-28,290.1433410644531,292.28668212890625,271.57000732421875,271.6700134277344,99006900.0,0.0885804253429658,103.0,-0.0069621433455585,271.1093322753906,17.442474851032618,0.07477746853358713,0.0893731518936436,0.06793757941792972
2022-03-01,288.1233215332031,296.6266784667969,284.59332275390625,289.8933410644531,74766900.0,0.1061343251858602,76.0,0.0179552971145164,273.96533203125,17.292854538912813,-0.006962143345558558,0.0885804253429658,0.09469596747415653
2022-03-02,293.2966613769531,295.49334716796875,281.42333984375,290.7099914550781,74643300.0,0.1085182233232315,87.0,-0.0461421044882577,281.68866577148435,15.624946622743355,0.01795529711451649,0.1061343251858602,0.10107765795068581
2022-03-03,279.7633361816406,295.4800109863281,277.5333251953125,292.92333984375,61623600.0,0.0815048500881834,90.0,-0.0011915196265851,284.2566650390625,12.79079362217939,-0.04614210448825773,0.1085182233232315,0.09871913286575834
2022-03-04,279.42999267578125,285.2166748046875,275.0533447265625,283.0333251953125,66999600.0,0.1217398827745957,107.0,-0.0402128050420025,286.1513305664063,11.999616768334471,-0.0011915196265851469,0.0815048500881834,0.10392098539533685
2022-03-07,268.1933288574219,288.7133178710937,268.19000244140625,285.4333190917969,72494100.0,0.0766135490391442,84.0,0.0246339421032322,281.761328125,12.061240408895916,-0.04021280504200253,0.1217398827745957,0.09328609396730775
2022-03-08,274.79998779296875,283.3299865722656,260.72332763671875,265.1766662597656,80399100.0,0.0860012489344172,101.0,0.0419335751788576,279.09666137695314,12.042175897874808,0.02463394210323222,0.0766135490391442,0.09478489358271902
2022-03-09,286.3233337402344,286.85333251953125,277.336669921875,279.82666015625,59184000.0,0.1157575879923263,86.0,-0.0240637553301487,277.7019958496094,9.565095035885115,0.04193357517885765,0.0860012489344172,0.09279079532196255
2022-03-10,279.4333190917969,284.8166809082031,270.1199951171875,283.8166809082031,58648500.0,0.0357943505685102,102.0,-0.0512345859010529,277.6359924316406,8.463741792794002,-0.024063755330148706,0.1157575879923263,0.07918439583175123
2022-03-11,265.1166687011719,281.26666259765625,264.5899963378906,280.0666809082031,67037100.0,0.0762688594404019,94.0,-0.0364368023686874,274.77332763671876,9.262692183646559,-0.0512345859010529,0.0357943505685102,0.07594026600041277
2022-03-14,255.4566650390625,266.8999938964844,252.01333618164065,260.2033386230469,71152200.0,0.069206156773121,94.0,0.0463483555462533,272.2259948730469,11.466966525211147,-0.036436802368687404,0.0762688594404019,0.06042312226067768
2022-03-15,267.2966613769531,268.5233459472656,252.19000244140625,258.42333984375,66841200.0,0.0672687481336471,99.0,0.0478120404252786,270.72532958984374,11.10660160633926,0.046348355546253384,0.069206156773121,0.0709145881157233
2022-03-16,280.07666015625,280.6666564941406,267.4200134277344,269.6666564941406,84028800.0,0.1249249023334389,82.0,0.0373350104690226,269.4759948730469,9.317748482885463,0.047812040425278646,0.0672687481336471,0.08713326908006898
2022-03-17,290.5333251953125,291.6666564941406,275.239990234375,276.9966735839844,66582900.0,0.1319667308000641,81.0,0.0387677942765043,271.69599609375,10.639405234707239,0.037335010469022656,0.1249249023334389,0.10805346042238334
2022-03-18,301.7966613769531,302.6166687011719,289.1300048828125,291.4966735839844,100414200.0,0.1292132958504909,82.0,0.017417963888751,279.03199462890626,13.671231449210035,0.03876779427650434,0.1319667308000641,0.1287016429946646
2022-03-21,307.0533447265625,314.2833251953125,302.36334228515625,304.99334716796875,81981600.0,0.082946710977014,99.0,0.0790524377817913,289.35133056640626,16.208105973360293,0.017417963888751054,0.1292132958504909,0.11470891254252298
2022-03-22,331.32666015625,332.6199951171875,307.25,310.0,105868500.0,0.1232232679491034,218.0,0.0051611360578402,302.15733032226564,22.516716708215277,0.07905243778179138,0.082946710977014,0.11179442492553608
2022-03-23,333.03668212890625,346.8999938964844,325.4666748046875,326.64666748046875,120676200.0,0.0959648893618993,129.0,0.0148231284201352,312.74933471679685,26.90708706951707,0.005161136057840299,0.1232232679491034,0.10071162276267222
2022-03-24,337.97332763671875,341.4966735839844,329.6000061035156,336.57666015625,68920800.0,0.0882597780526352,100.0,-0.0032349379803172,322.2373352050781,30.244822067356786,0.014823128420135223,0.0959648893618993,0.10248264512121262
2022-03-25,336.8800048828125,340.6000061035156,332.44000244140625,336.0,62031600.0,0.0884582201652514,80.0,0.0803450783611821,329.25400390625,30.36152180737986,-0.003234937980317265,0.0882597780526352,0.09089429585992863
2022-03-28,363.9466552734375,365.9599914550781,351.20001220703125,355.0333251953125,102506100.0,0.1175662492168505,196.0,0.0070798580959405,340.632666015625,30.414741292652735,0.0803450783611821,0.0884582201652514,0.09809474914491234
2022-03-29,366.5233459472656,371.5899963378906,357.7033386230469,369.3299865722656,73614900.0,0.0868983349444514,103.0,-0.0050747541451513,347.6720031738281,29.290782634232453,0.007079858095940583,0.1175662492168505,0.09764093477551776
2022-03-30,364.663330078125,371.3166809082031,361.3333435058594,363.7233276367188,59865000.0,0.0319294183707448,98.0,-0.0149818131423394,353.99733276367186,27.029959621968686,-0.00507475414515135,0.0868983349444514,0.07879800084401554
2022-03-31,359.20001220703125,367.71331787109375,358.8800048828125,364.8566589355469,48992700.0,0.1207114222582972,92.0,0.0064865993682725,358.2426696777344,23.418435407623,-0.014981813142339484,0.0319294183707448,0.07984639185783111
2022-04-01,361.5299987792969,364.9166564941406,355.5466613769531,360.3833312988281,54263100.0,0.1093222522315442,113.0,0.0561134129875917,363.17266845703125,19.87285799670939,0.006486599368272561,0.1207114222582972,0.08732103095352872
2022-04-04,381.8166809082031,383.3033447265625,357.510009765625,363.1266784667969,82035900.0,0.097060961847024,154.0,-0.0473089715442011,366.7466735839844,17.414910424601747,0.05611341298759176,0.1093222522315442,0.10903154544562177
2022-04-05,363.7533264160156,384.2900085449219,362.4333190917969,378.76666259765625,80075100.0,0.1047627679859822,112.0,-0.0416948942943683,366.1926696777344,15.725195853121193,-0.047308971544201106,0.097060961847024,0.10371532735485012
2022-04-06,348.586669921875,359.6666564941406,342.5666809082031,357.8233337402344,89348400.0,0.100731922398589,96.0,0.0109968161052127,362.9773376464844,13.743700393892349,-0.041694894294368345,0.1047627679859822,0.10085188407719838
2022-04-07,352.4200134277344,358.86334228515625,340.5133361816406,350.7966613769531,79447200.0,0.1326428158068783,144.0,-0.0300494479654184,361.621337890625,11.99592948857781,0.010996816105212748,0.100731922398589,0.11271250206381649
2022-04-08,341.8299865722656,349.4800109863281,340.8133239746094,347.7366638183594,55013700.0,0.1419987482357814,241.0,-0.0483280860738046,357.68133544921875,10.999793233276813,-0.03004944796541842,0.1326428158068783,0.12512449548041624
2022-04-11,325.3099975585937,336.1566772460937,324.8800048828125,326.79998779296875,59357100.0,0.106294215044215,117.0,0.0112918135664994,346.37999877929684,15.493711867100348,-0.04832808607380468,0.1419987482357814,0.12697859302895823
2022-04-12,328.9833374023437,340.39666748046875,325.5333251953125,332.5466613769531,65976000.0,0.0794168135843667,94.0,0.0358883560359128,339.4260009765625,17.25953932939353,0.011291813566499442,0.106294215044215,0.109236592288121
2022-04-13,340.7900085449219,342.0799865722656,324.3666687011719,327.02667236328125,55121100.0,0.084384390318379,89.0,-0.0365523188084326,337.8666687011719,17.087938427781758,0.035888356035912894,0.0794168135843667,0.09003180631565355
2022-04-14,328.3333435058594,337.57000732421875,327.39666748046875,333.0966796875,58422300.0,0.1008256883815543,179.0,0.019583733431163,333.04933471679686,18.08485885139683,-0.03655231880843268,0.084384390318379,0.08820896409476664
2022-04-18,334.7633361816406,338.3066711425781,324.4700012207031,329.6766662597656,51715200.0,0.0381627523566775,107.0,0.0237580934452494,331.63600463867186,17.727819940817362,0.019583733431163042,0.1008256883815543,0.0744576103522036
2022-04-19,342.7166748046875,344.9800109863281,331.77667236328125,335.0199890136719,49847700.0,0.0677482173229595,97.0,-0.0495550367137009,335.1173400878906,12.012275781595203,0.023758093445249484,0.0381627523566775,0.06891221935373042
2022-04-20,325.7333374023437,344.6666564941406,325.0833435058594,343.3333435058594,70711200.0,0.0967804397322254,350.0,0.0323168406624552,334.46734008789065,9.720236175386981,-0.049555036713700984,0.0677482173229595,0.06756380313728745
2022-04-21,336.260009765625,364.0733337402344,332.1400146484375,358.24334716796875,105416400.0,0.1028588699371466,206.0,-0.0036975766723952,333.56134033203125,8.820016275522425,0.032316840662455215,0.0967804397322254,0.0891291756641105
2022-04-22,335.01666259765625,344.95001220703125,331.3333435058594,338.3033447265625,69696600.0,0.0978427983589324,114.0,-0.0069946453878937,334.89800415039065,6.593280029325476,-0.003697576672395231,0.1028588699371466,0.09916070267610144
2022-04-25,332.67333984375,336.2066650390625,325.1000061035156,326.3233337402344,68341200.0,0.1461472613035113,156.0,-0.1218412188194887,334.4800048828125,5.989127130185085,-0.006994645387893739,0.0978427983589324,0.11561630986653008
2022-04-26,292.1400146484375,333.3333435058594,291.6666564941406,331.8099975585937,136133700.0,0.0590135365892854,217.0,0.0058076784704732,324.3646728515625,14.248010842195146,-0.12184121881948873,0.1461472613035113,0.10100119875057635
2022-04-27,293.836669921875,306.0,292.4533386230469,299.52667236328125,76956300.0,0.10442965721421,123.0,-0.004537702888526,317.98533935546874,18.233274873950343,0.005807678470473254,0.0590135365892854,0.10319681836900223
2022-04-28,292.5033264160156,300.0,273.8999938964844,299.99334716796875,124948500.0,0.1172089127061306,138.0,-0.0076922202135913,309.2340026855469,20.232129627512965,-0.004537702888526063,0.10442965721421,0.09355070216987531
2022-04-29,290.2533264160156,311.4666748046875,290.0,300.75,88133100.0,0.0991149987123938,218.0,0.0369562847143329,300.2813354492188,22.263346904300256,-0.007692220213591394,0.1172089127061306,0.10691785621091145
2022-05-02,300.9800109863281,302.1199951171875,282.6766662597656,286.92333984375,75781500.0,0.0878722412520956,103.0,0.0069882797619633,293.9426696777344,21.928480165228123,0.03695628471433299,0.0991149987123938,0.10139871755687331
2022-05-03,303.0833435058594,308.02667236328125,296.1966552734375,301.0599975585937,63709500.0,0.072924720037396,71.0,0.0476986457646855,296.13133544921874,19.669271195586063,0.006988279761963367,0.0878722412520956,0.08663732000062845
2022-05-04,317.5400085449219,318.5,295.09332275390625,301.3133239746094,81643800.0,0.1021776871424477,94.0,-0.0832861531754801,300.87200317382815,19.115400372703682,0.04769864576468552,0.072924720037396,0.08765821614397974
2022-05-05,291.09332275390625,315.20001220703125,285.8999938964844,313.00665283203125,92519100.0,0.0723305056335359,99.0,-0.0087371806981902,300.5900024414062,17.32322814532168,-0.08328615317548016,0.1021776871424477,0.08247763760445985
2022-05-06,288.54998779296875,296.0,281.03668212890625,295.6666564941406,72903000.0,0.0896165281850765,124.0,-0.0907294880724968,300.24933471679685,14.323088917355022,-0.008737180698190294,0.0723305056335359,0.08804157365368669
2022-05-09,262.3699951171875,281.8766784667969,260.3833312988281,278.8166809082031,90810300.0,0.0957799995189995,125.0,0.0164271739863726,292.52733154296874,13.895962146484493,-0.09072948807249681,0.0896165281850765,0.08590901111253728
2022-05-10,266.67999267578125,275.1199951171875,258.0833435058594,273.10333251953125,84401700.0,0.0719814645970467,146.0,-0.0825458284364604,285.2466613769531,16.251591566682073,0.016427173986372612,0.0957799995189995,0.08579266410037421
2022-05-11,244.6666717529297,269.92333984375,242.3999938964844,265.0,97224600.0,0.0917011402358117,137.0,-0.0081743867510473,270.6719940185547,21.71380999207074,-0.08254582843646041,0.0719814645970467,0.08648753478395262
2022-05-12,242.6666717529297,253.22000122070312,226.6666717529297,233.6666717529297,140313000.0,0.0914009196062115,137.0,0.057129093691457,260.9866638183594,25.40296376539007,-0.008174386751047313,0.0917011402358117,0.08502784147968995
2022-05-13,256.5299987792969,262.45001220703125,250.52333068847656,257.82666015625,92150700.0,0.106540471748805,111.0,-0.0587585616183726,254.582666015625,26.23176513199308,0.05712909369145702,0.0914009196062115,0.09654751053027605
2022-05-16,241.4566650390625,256.586669921875,239.69667053222656,255.72000122070312,86098500.0,0.0542450899224389,112.0,0.0514101777895292,250.4,27.03178755722392,-0.05875856161837267,0.106540471748805,0.08406216042581845
2022-05-17,253.8699951171875,254.82666015625,242.9499969482422,249.1199951171875,80236200.0,0.0741663614163614,85.0,-0.068013798124059,247.83800048828124,25.042177106175735,0.05141017778952928,0.0542450899224389,0.07831730769586842
2022-05-18,236.60333251953125,253.5,233.60333251953125,248.17333984375,87811800.0,0.0484165812982606,131.0,-0.0005494634476534,246.22533264160157,19.103523989858722,-0.06801379812405906,0.0741663614163614,0.05894267754568696
2022-05-19,236.47332763671875,244.6666717529297,231.3699951171875,235.6666717529297,90296700.0,0.0450697981781985,142.0,-0.0641650571614186,244.98666381835938,16.341524690044242,-0.0005494634476534976,0.0484165812982606,0.055884246964273486
2022-05-20,221.3000030517578,240.52667236328125,211.0,237.9966735839844,144973200.0,0.1173569539104146,242.0,0.0165687141598596,237.94066467285157,13.705016423044597,-0.06416505716141863,0.0450697981781985,0.07028111112895788
2022-05-23,224.96665954589844,226.65333557128903,212.6866607666016,218.33999633789065,88903500.0,0.0659339992401586,138.0,-0.0692546469050758,234.64266357421874,13.92258480588967,0.01656871415985961,0.1173569539104146,0.07612025044292388
2022-05-24,209.3866729736328,217.97332763671875,206.856674194336,217.8433380126953,89092500.0,0.1101982306295686,142.0,0.0487773791179579,225.74599914550782,14.646036929252011,-0.06925464690507588,0.0659339992401586,0.0978297279267139
2022-05-25,219.6000061035156,223.106674194336,207.6699981689453,207.9499969482422,92139300.0,0.0819901852326052,128.0,0.0742713893682931,222.3453338623047,15.279899638486066,0.048777379117957986,0.1101982306295686,0.08604080503411078
2022-05-26,235.91000366210932,239.55667114257807,217.8866729736328,220.47332763671875,106003200.0,0.1201440722283745,86.0,0.073333062537426,222.23266906738277,15.015197705305098,0.07427138936829292,0.0819901852326052,0.10411082936351608
2022-05-27,253.2100067138672,253.26666259765625,240.1766662597656,241.0833282470703,89295000.0,0.099066773173916,98.0,-0.0018035633890554,228.61466979980463,14.479237736074102,0.073333062537426,0.1201440722283745,0.10040034354496523
2022-05-31,252.7533264160156,259.6000061035156,244.7433319091797,257.9466552734375,101914500.0,0.1148946068692445,69.0,-0.0235934902002734,234.17200317382807,15.586599544906173,-0.001803563389055407,0.099066773173916,0.11136848409051164
2022-06-01,246.7899932861328,257.32666015625,243.63999938964844,251.72000122070312,77247900.0,0.0984140512265512,92.0,0.0467739800387407,241.65266723632809,14.742234076650478,-0.02359349020027346,0.1148946068692445,0.10412514375657056
2022-06-02,258.3333435058594,264.2099914550781,242.0666656494141,244.1566619873047,93473100.0,0.1105833140933141,125.0,-0.0921935998852696,249.3993347167969,16.690593173954948,0.04677398003874078,0.0984140512265512,0.10796399072970325
2022-06-03,234.51666259765625,247.79666137695312,233.4166717529297,243.22666931152344,112393800.0,0.0594621917548897,202.0,0.0160472016783606,249.12066650390625,16.694233546719055,-0.09219359988526965,0.1105833140933141,0.08948651902491832
2022-06-06,238.27999877929688,244.86666870117188,234.3500061035156,244.35333251953125,84204600.0,0.0758415629509379,80.0,0.0025460558898939,246.1346649169922,15.91482090977812,0.0160472016783606,0.0594621917548897,0.08196235626638056
2022-06-07,238.8866729736328,239.9966735839844,230.0933380126953,234.0,72808500.0,0.1002669552669552,79.0,0.0124745164326014,243.36133422851563,15.306079209964626,0.0025460558898939833,0.0758415629509379,0.07852356999092759
2022-06-08,241.86666870117188,249.9633331298828,239.1766662597656,240.086669921875,76210500.0,0.1319663257222081,85.0,-0.0089305553084624,242.37666931152344,11.30100971810869,0.012474516432601446,0.1002669552669552,0.10269161464670039
2022-06-09,239.7066650390625,255.54666137695312,239.32666015625,249.33999633789065,96491400.0,0.1333243859206974,122.0,-0.0311909112343833,238.65133361816407,8.245520071210104,-0.008930555308462429,0.1319663257222081,0.12185255563662022
2022-06-10,232.22999572753903,239.5,227.913330078125,235.1566619873047,97536600.0,0.1024571000657957,138.0,-0.0710215399070596,238.19400024414062,8.71661622078495,-0.031190911234383334,0.1333243859206974,0.12258260390290036
2022-06-13,215.73666381835932,226.63333129882807,214.683334350586,223.1666717529297,102767400.0,0.0606661244276985,108.0,0.0238871570556407,233.68533325195307,11.698526321181895,-0.07102153990705973,0.1024571000657957,0.09881587013806385
2022-06-14,220.88999938964844,226.3300018310547,211.73666381835932,218.2866668701172,97988700.0,0.1062143120704764,73.0,0.0548236708036273,230.0859985351562,12.142587282936196,0.023887157055640706,0.0606661244276985,0.08977917885465685
2022-06-15,233.0,235.663330078125,218.1499938964844,220.9166717529297,119131800.0,0.1147754124032533,88.0,-0.0854076991265425,228.31266479492183,11.645219313851994,0.05482367080362738,0.1062143120704764,0.09388528296714271
2022-06-16,213.1000061035156,225.1666717529297,208.69332885742188,222.73666381835932,107390700.0,0.0648950740617407,84.0,0.0171749802838696,222.99133300781244,10.446904965785576,-0.08540769912654256,0.1147754124032533,0.09529493284515678
2022-06-17,216.759994506836,220.97000122070312,213.19667053222656,213.433334350586,92641800.0,0.0015696701771263,57.0,0.0935443480214783,219.89733276367187,11.228813505184513,0.017174980283869656,0.0648950740617407,0.06041338554737342
2022-06-21,237.0366668701172,243.57666015625,224.3333282470703,224.60333251953125,122793000.0,0.0867960448642266,88.0,-0.0040078058841535,224.15733337402344,11.121575035662048,0.09354434802147837,0.0015696701771263,0.05108692970103118
2022-06-22,236.086669921875,246.8333282470703,233.82666015625,234.5033264160156,101107500.0,0.1183192591610959,98.0,-0.0043063108899484,227.19666748046876,10.87532852082284,-0.004007805884153504,0.0867960448642266,0.06889499140081624
2022-06-23,235.07000732421875,239.3166656494141,228.6366729736328,237.9066619873047,104202600.0,0.0741683000090738,78.0,0.0452488934505932,227.6106689453125,10.144806129243813,-0.004306310889948484,0.1183192591610959,0.09309453467813207
2022-06-24,245.7066650390625,246.0666656494141,236.086669921875,237.47000122070312,95770800.0,0.070035991529047,54.0,-0.0032016505127857,234.1320007324219,11.05337455072144,0.04524889345059324,0.0741683000090738,0.08750785023307221
2022-06-27,244.9199981689453,252.07000732421875,242.5666656494141,249.36666870117188,89178300.0,0.1759077184892402,46.0,-0.0500435578248114,239.76400146484374,12.19120152089002,-0.0032016505127857586,0.070035991529047,0.10670400334245365
2022-06-28,232.663330078125,249.97000122070312,232.3433380126953,244.4833374023437,90391200.0,0.0931317868056313,68.0,-0.0179371823809088,238.88933410644532,11.14729861746121,-0.0500435578248114,0.1759077184892402,0.11302516560797282
2022-06-29,228.4900054931641,231.17333984375,222.27333068847656,230.5,82897200.0,0.10307454004329,80.0,-0.0175792277993774,237.37000122070313,10.586771986081118,-0.0179371823809088,0.0931317868056313,0.12403801511272049
2022-06-30,224.47332763671875,229.4566650390625,218.8633270263672,224.509994506836,94600500.0,0.0305359647138404,77.0,0.01242913166698,235.25066528320312,10.862421721114066,-0.017579227799377484,0.10307454004329,0.07558076385425389
2022-07-01,227.26333618164065,230.22999572753903,222.1199951171875,227.0,74460300.0,0.0769151595845674,76.0,0.0255357048139746,231.56199951171874,8.964270887789185,0.012429131666980009,0.0305359647138404,0.07017522144723258
2022-07-05,233.0666656494141,233.14666748046875,216.1666717529297,223.0,84581100.0,0.0973079948152622,86.0,-0.0057208020003856,229.1913330078125,6.975266811711545,0.025535704813974602,0.0769151595845674,0.06825303970455665
2022-07-06,231.7333374023437,234.56333923339844,227.1866607666016,230.77999877929688,71853600.0,0.1042873561623561,78.0,0.0552790448805931,229.00533447265624,6.9606789309558295,-0.005720802000385716,0.0973079948152622,0.0928368368540619
2022-07-07,244.5433349609375,245.3633270263672,232.2100067138672,233.9199981689453,81930600.0,0.0584315724533115,69.0,0.0254351696876005,232.21600036621095,7.721588894785513,0.05527904488059332,0.1042873561623561,0.08667564114364325
2022-07-08,250.76333618164065,254.97999572753903,241.16000366210932,242.3333282470703,101854200.0,0.1135751295024478,114.0,-0.0654800594814686,237.4740020751953,9.231306867098969,0.025435169687600512,0.0584315724533115,0.09209801937270512
2022-07-11,234.3433380126953,253.06333923339844,233.6266632080078,252.10333251953125,99241200.0,0.1128155530169419,90.0,-0.0054336116369887,238.89000244140624,8.633272413546715,-0.06548005948146862,0.1135751295024478,0.09494075165756705
2022-07-12,233.07000732421875,239.77333068847656,228.3699951171875,236.8466644287109,87930900.0,0.1011061565899228,77.0,0.0170334484796728,238.8906707763672,7.940284292836352,-0.005433611636988744,0.1128155530169419,0.1091656130364375
2022-07-13,237.0399932861328,242.0599975585937,225.0333404541016,225.5,97954500.0,0.096654468321135,111.0,0.0053718612189148,239.952001953125,7.976447855548025,0.017033448479672808,0.1011061565899228,0.10352539264266654
2022-07-14,238.31333923339844,238.65333557128903,229.3333282470703,234.89666748046875,78557400.0,0.1206314784752284,80.0,0.00735723154086,238.70600280761718,7.758896797427423,0.005371861218914864,0.096654468321135,0.10613070112876205
2022-07-15,240.0666656494141,243.6233367919922,236.88999938964844,240.0,69683100.0,0.1028668500045311,69.0,0.0019994268102179,236.56666870117186,6.8147899551975195,0.0073572315408600986,0.1206314784752284,0.10671759893363147
2022-07-18,240.54666137695312,250.51666259765625,239.60333251953125,244.9366607666016,82537500.0,0.1185047964281835,62.0,0.0207167182193168,237.80733337402344,5.9401040754004,0.001999426810217919,0.1028668500045311,0.11400104163598097
2022-07-19,245.52999877929688,247.13999938964844,236.97666931152344,245.0,80890200.0,0.0828598055383769,91.0,0.0080234644666532,240.29933166503906,6.01573885550869,0.020716718219316865,0.1185047964281835,0.1014104839903638
2022-07-20,247.5,250.663330078125,243.4833374023437,246.7833404541016,88864200.0,0.0921978156945629,269.0,0.0978047072285352,242.3913330078125,5.788172889225064,0.008023464466653252,0.0828598055383769,0.0978541392203744
2022-07-21,271.7066650390625,273.26666259765625,254.86666870117188,255.106674194336,142032300.0,0.1080669732742597,199.0,0.0019752262198982,249.06999816894532,11.297786374975281,0.09780470722853529,0.0921978156945629,0.09437486483573314
2022-07-22,272.24334716796875,280.78668212890625,270.7133178710937,276.2200012207031,103472700.0,0.0978520505578432,82.0,-0.0139949354715402,255.50533447265624,14.373494703805008,0.0019752262198982073,0.1080669732742597,0.09937227984222191
2022-07-25,268.4333190917969,274.14666748046875,267.3999938964844,272.2166748046875,64073400.0,0.1541967077234934,84.0,-0.0356637312112531,261.082666015625,15.30462863522778,-0.013994935471540293,0.0978520505578432,0.12003857718519874
2022-07-26,258.8599853515625,267.3099975585937,256.2633361816406,266.5133361816406,66820800.0,0.1022772018429913,76.0,0.0616550369922206,263.7486633300781,14.383919269927853,-0.0356637312112531,0.1541967077234934,0.11810865337477594
2022-07-27,274.82000732421875,275.9266662597656,261.7900085449219,263.8099975585937,88110000.0,0.1016086030371744,63.0,0.0221235223427265,269.21266479492186,14.96098235712398,0.061655036992220635,0.1022772018429913,0.119360837534553
2022-07-28,280.8999938964844,283.29998779296875,272.79998779296875,280.0666809082031,84723000.0,0.1058709451923737,91.0,0.0578497698579101,271.05133056640625,15.481791304860058,0.02212352234272652,0.1016086030371744,0.10325225002417977
2022-07-29,297.1499938964844,298.32000732421875,279.1000061035156,280.70001220703125,95313000.0,0.1418215924162689,106.0,0.0004263115241422,276.03265991210935,17.66094404749763,0.05784976985791013,0.1058709451923737,0.11643371354860566
2022-08-01,297.27667236328125,311.8766784667969,295.0,301.27667236328125,117042900.0,0.1382198133407811,93.0,0.0111344005982036,281.80133056640625,17.769882316490257,0.00042631152414229767,0.1418215924162689,0.12863745031647456
2022-08-02,300.586669921875,307.8333435058594,292.6666564941406,294.0033264160156,95577600.0,0.1154092512425845,87.0,0.0226556871612562,290.14666748046875,17.37423034241715,0.011134400598203698,0.1382198133407811,0.13181688566654481
2022-08-03,307.39666748046875,309.54998779296875,301.1499938964844,305.0,80091000.0,0.1534067166299309,91.0,0.0040230228534861,296.66199951171876,16.39102251555893,0.02265568716125621,0.1154092512425845,0.13567859373776547
2022-08-04,308.6333312988281,313.6066589355469,305.0,311.0,72256200.0,0.1082734854965394,167.0,-0.0663030068235908,302.2086669921875,17.68800344269367,0.004023022853486102,0.1534067166299309,0.1256964844563516
2022-08-05,288.1700134277344,304.6066589355469,285.5433349609375,302.6700134277344,113172900.0,0.0980607888898705,147.0,0.0078194340528796,300.4126708984375,16.950317017079197,-0.0663030068235908,0.1082734854965394,0.11991366367211359
2022-08-08,290.42333984375,305.20001220703125,289.086669921875,295.0,98994000.0,0.108486636547453,99.0,-0.024412625864385,299.04200439453126,15.458503097064881,0.007819434052879659,0.0980607888898705,0.10494030364462094
2022-08-09,283.3333435058594,292.39666748046875,279.35333251953125,290.2933349609375,86244600.0,0.0847831096227322,106.0,0.038905817766766,295.5913391113281,11.27877994803481,-0.024412625864385085,0.108486636547453,0.09711017835335188
2022-08-10,294.3566589355469,297.510009765625,283.3699951171875,297.0666809082031,94918800.0,0.12079049272795,209.0,-0.0262492925442064,292.98333740234375,9.328431344514893,0.03890581776676605,0.0847831096227322,0.10468674629937837
2022-08-11,286.6300048828125,298.2366638183594,285.8333435058594,296.5133361816406,70155000.0,0.1087450412647781,95.0,0.0467501436284136,288.5826721191406,8.519078256576284,-0.026249292544206493,0.12079049272795,0.10477288120515342
2022-08-12,300.0299987792969,300.1600036621094,285.0333251953125,289.4166564941406,79657200.0,0.1093578630564561,99.0,0.0309635989158392,290.9546691894531,8.632896769674813,0.046750143628413676,0.1087450412647781,0.1129644656830614
2022-08-15,309.32000732421875,313.1333312988281,301.2300109863281,301.78668212890625,89359200.0,0.1074882159653985,126.0,-0.0089120757931442,294.7340026855469,9.658904964715113,0.03096359891583922,0.1093578630564561,0.10853037342887756
2022-08-16,306.5633239746094,314.6666564941406,302.8833312988281,311.6666564941406,88136400.0,0.1496523221909819,97.0,-0.0083723335112244,299.3799987792969,10.08855049161874,-0.008912075793144236,0.1074882159653985,0.12216613373761215
2022-08-17,303.9966735839844,309.6566772460937,300.0333251953125,303.39666748046875,68766000.0,0.0528519511889077,115.0,-0.0037062197211366,301.30800170898436,9.769675036042178,-0.008372333511224461,0.1496523221909819,0.10333082978176271
2022-08-18,302.8699951171875,306.5,301.85333251953125,306.0,47500500.0,0.0732881441223832,92.0,-0.0204818526861555,304.5559997558594,9.16817490139721,-0.0037062197211366055,0.0528519511889077,0.09193080583409091
2022-08-19,296.6666564941406,300.3599853515625,292.5,299.0,61395300.0,0.1154776152885396,68.0,-0.0227640224075839,303.8833312988281,8.684215806286351,-0.020481852686155544,0.0732881441223832,0.08053923686661014
2022-08-22,289.913330078125,292.3999938964844,286.2966613769531,291.913330078125,55843200.0,0.138859053030303,100.0,0.0225584954757323,300.0019958496094,8.731235414295963,-0.022764022407583906,0.1154776152885396,0.10920827081374192
2022-08-23,296.4533386230469,298.82666015625,287.92333984375,291.4533386230469,63984900.0,0.0767809187109187,100.0,0.0021701258870663,297.97999877929686,7.247695889008116,0.0225584954757323,0.138859053030303,0.11037252900992041
2022-08-24,297.0966796875,303.64666748046875,296.5,297.5633239746094,57259800.0,0.081420961658924,112.0,-0.0034556844067095,296.6,7.116699624167905,0.002170125887066332,0.0767809187109187,0.09902031113338187
2022-08-25,296.07000732421875,302.9599914550781,291.6000061035156,302.3599853515625,53230000.0,0.1215289400544682,142.0,-0.0269531218594168,295.24000244140626,5.8056667645498425,-0.003455684406709514,0.081420961658924,0.09324360680810362
2022-08-26,288.0899963378906,302.0,287.4700012207031,297.42999267578125,57163900.0,0.1042910754369087,77.0,-0.0113505816072718,293.52467041015626,6.900137570616673,-0.026953121859416895,0.1215289400544682,0.10241365905010029
2022-08-29,284.82000732421875,287.739990234375,280.70001220703125,282.8299865722656,41864700.0,0.0676221321250056,87.0,-0.0249982267189629,292.506005859375,7.05964879063736,-0.01135058160727187,0.1042910754369087,0.09781404920546082
2022-08-30,277.70001220703125,288.4800109863281,272.6499938964844,287.8699951171875,50541800.0,0.1264611040375746,85.0,-0.0075262036859782,288.7553405761719,8.186757900823213,-0.0249982267189629,0.0676221321250056,0.09945810386649628
2022-08-31,275.6099853515625,281.25,271.8099975585937,280.6199951171875,52107300.0,0.0936411022426647,64.0,0.005623955563764,284.4580017089844,8.975189667130227,-0.007526203685978228,0.1264611040375746,0.09590811280174827
2022-09-01,277.1600036621094,277.5799865722656,266.1499938964844,272.5799865722656,54287000.0,0.0713170218229742,78.0,-0.0250758122211028,280.6760009765625,8.726179299636872,0.005623955563764049,0.0936411022426647,0.09713974270107113
2022-09-02,270.2099914550781,282.3500061035156,269.0799865722656,281.07000732421875,50890100.0,0.1337566826499118,96.0,0.0155805562554711,277.1,9.743781685610383,-0.02507581222110289,0.0713170218229742,0.09957160223851687
2022-09-06,274.4200134277344,275.989990234375,265.739990234375,272.67999267578125,55860000.0,0.1113531218104389,82.0,0.033816771099826,275.02000122070314,10.154040069669017,0.015580556255471167,0.1337566826499118,0.10547560876110827
2022-09-07,283.70001220703125,283.8399963378906,272.2699890136719,273.1000061035156,50028900.0,0.0956409196296836,89.0,0.0195981576290391,276.2200012207031,9.132575379435659,0.03381677109982606,0.1113531218104389,0.11358357469667807
2022-09-08,289.260009765625,289.5,279.760009765625,281.29998779296875,53713100.0,0.1328063735206592,91.0,0.0360228948294618,278.95000610351565,8.006493850038524,0.01959815762903916,0.0956409196296836,0.1132668049869272
2022-09-09,299.67999267578125,299.8500061035156,291.25,291.6700134277344,54338100.0,0.1145064044901707,99.0,0.0158169409630266,283.45400390625,8.771078817148732,0.03602289482946186,0.1328063735206592,0.11431789921350448
2022-09-12,304.4200134277344,305.489990234375,300.3999938964844,300.7200012207031,48674600.0,0.1042857606679035,70.0,-0.0403718809632054,290.29600830078124,11.201018959007623,0.01581694096302666,0.1145064044901707,0.1171995128929111
2022-09-13,292.1300048828125,297.3999938964844,290.3999938964844,292.8999938964844,68229600.0,0.1020432142692416,73.0,0.0358743720041836,293.8380065917969,11.51646922300239,-0.04037188096320543,0.1042857606679035,0.10694512647577192
2022-09-14,302.6099853515625,306.0,291.6400146484375,292.239990234375,72628700.0,0.1066930604546345,108.0,0.0037672737306175,297.6200012207031,12.547153953961766,0.03587437200418364,0.1020432142692416,0.10434067846392651
2022-09-15,303.75,309.1199951171875,300.7200012207031,301.8299865722656,64795500.0,0.1138025918378311,94.0,-0.0013168523341049,300.51799926757815,12.87989824239159,0.003767273730617582,0.1066930604546345,0.10751295552056905
2022-09-16,303.3500061035156,303.7099914550781,295.6000061035156,299.6099853515625,87087800.0,0.0838780232580737,99.0,0.018856110452001,301.252001953125,12.700500792654243,-0.0013168523341049454,0.1138025918378311,0.10145789185017974
2022-09-19,309.07000732421875,309.8399963378906,297.79998779296875,300.0899963378906,60231200.0,0.0910283665887114,87.0,-0.0011000625419275,302.1820007324219,11.004340956009665,0.018856110452001085,0.0838780232580737,0.09623632722820537
2022-09-20,308.7300109863281,313.3299865722656,305.5799865722656,306.9100036621094,61642800.0,0.0884470691631185,81.0,-0.0256859485996343,305.502001953125,8.512076102211863,-0.0011000625419275156,0.0910283665887114,0.0877844863366345
2022-09-21,300.79998779296875,313.79998779296875,300.6300048828125,308.2900085449219,62555700.0,0.1055724573780129,54.0,-0.0405917285591177,305.14000244140624,6.4039419788073735,-0.025685948599634356,0.0884470691631185,0.09501596437661425
2022-09-22,288.5899963378906,301.2900085449219,285.82000732421875,299.8599853515625,70545400.0,0.0943605084117132,83.0,-0.0459475724518868,302.1080017089844,6.546749803113803,-0.040591728559117746,0.1055724573780129,0.09612667831761484
2022-09-23,275.3299865722656,284.5,272.82000732421875,283.0899963378906,63748400.0,0.0860742880074275,86.0,0.0024698479153155,296.5039978027344,10.53511279685007,-0.04594757245188685,0.0943605084117132,0.09533575126571785
2022-09-26,276.010009765625,284.0899963378906,270.3099975585937,271.8299865722656,58076900.0,0.1390951779701779,72.0,0.0251077585253733,289.8919982910156,12.518500272100972,0.0024698479153155706,0.0860742880074275,0.10650999146310618
2022-09-27,282.94000244140625,288.6700134277344,277.510009765625,283.8399963378906,61925200.0,0.0746483405483405,85.0,0.0172121123742337,284.73399658203124,13.158169208625983,0.02510775852537339,0.1390951779701779,0.09993926884198195
2022-09-28,287.8099975585937,289.0,277.57000732421875,283.0799865722656,54664800.0,0.1373620129870129,75.0,-0.0681005047419358,282.13599853515626,13.053776898891067,0.0172121123742337,0.0746483405483405,0.11703517716851042
2022-09-29,268.2099914550781,283.6499938964844,265.7799987792969,282.760009765625,77620600.0,0.0731258902445658,112.0,-0.0110360968993725,278.05999755859375,14.725758650385185,-0.06810050474193585,0.1373620129870129,0.09504541459330638
